{"tester": [[1739394978.2074683, 1739394981.1697042], [1739394993.0214777, 1739394995.5635011], [1739394996.792667, 1739395001.3037345], [1739395115.6829238, 1739395119.2515597], [1739395125.005625, 1739395128.4836223]], "dormaron": [[1739041542.399525, 1739041543.7096848], [1739041577.6805336, 1739041579.3037064], [1739041580.2272735, 1739041581.2498033], [1739041594.7825432, 1739041595.785485]]}